Model,Accuracy,Precision,Recall,F1-Score,Specificity,ROC-AUC,PR-AUC
YOLO (Insect),0.8109375,0.8109375,1.0,0.8955996548748921,0.0,0.43824742432204333,0.7751558008546736
TabNet (Insect),0.7375,0.8208409506398537,0.8651252408477842,0.8424015009380863,0.19008264462809918,0.49473717734358824,0.7860042641859668
Fusion MLP (Insect),0.8125,0.8125,1.0,0.896551724137931,0.0,0.38835470085470086,0.7541875151766247
YOLO (Disease),0.795,0.795,1.0,0.8857938718662952,0.0,0.546786316919773,0.8537411388033632
TabNet (Disease),0.77,0.8054054054054054,0.9371069182389937,0.8662790697674418,0.12195121951219512,0.4507593189139439,0.7586016931320942
Fusion MLP (Disease),0.8,0.8,1.0,0.8888888888888888,0.0,0.5225694444444444,0.8630655077842097
